name	hand_prox_mae_C	hand_prox_mae_MP	hand_prox_impr_vs_mp	pct_frames_C_closer_hands	n_frames_selected_hands	config_hash	best_epoch	val_hard_mm	val_hard_impr_pct	test_hard_mm	test_mp_hard_mm	test_hard_impr_pct	elbow_mae_C_T	elbow_mae_MP_T	pct_closer_than_mp	notes	run_dir	ckpt_used	easy_ok	ext_reach_gt_mp_pct	measured_unix
lastpos_vel003_best	0.0758	1.228	0.9383	100.0	7100	6d2d50aad0	54	224.4283	58.6001	187.4433	519.8751	63.9446	12.7108	33.6304	72.4944	last-frame position + velocity 0.003	C:\Users\Henrique\studies\3d augmented games using mocap\pose_corrector_lab\runs\20260728_151848_abl2_lastpos_vel003	best	True	23.1626	1785264767.315786
arch_hidden192_best	0.0767	1.228	0.9375	100.0	7100	772596c53d	47	229.1134	57.7359	189.4163	519.8751	63.565	13.8711	33.6304	69.4878	GRU hidden=192 layers=2 T=15	C:\Users\Henrique\studies\3d augmented games using mocap\pose_corrector_lab\runs\20260728_180747_abl2_arch_hidden192	best	True	18.4113	1785275046.602666
multilag_separate_best	0.0769	1.228	0.9374	100.0	7100	2908ccccc3	25	223.8931	58.6989	192.7027	519.8751	62.9329	13.5588	33.6304	71.8263	separate lag channels F=149	C:\Users\Henrique\studies\3d augmented games using mocap\pose_corrector_lab\runs\20260728_174139_abl2_multilag_separate	best	True	22.247	1785272852.648459
lastpos_vel005_best	0.0772	1.228	0.9371	100.0	7100	ea7b18f60d	57	226.7579	58.1704	188.3285	519.8751	63.7743	13.3531	33.6304	71.2942	last-frame position + velocity 0.005	C:\Users\Henrique\studies\3d augmented games using mocap\pose_corrector_lab\runs\20260728_155309_abl2_lastpos_vel005	best	True	22.7914	1785266912.690195
baseline_seed42_best	0.0772	1.228	0.9371	100.0	7100	87fb9e44be	69	217.5085	59.8766	194.7699	519.8751	62.5352	13.8561	33.6304	70.193	frozen baseline seed=42	C:\Users\Henrique\studies\3d augmented games using mocap\pose_corrector_lab\runs\20260726_092251_gru_noaux_dropaccel_v1	best	True	18.4855	1785252822.8869498
arch_T24_best	0.0773	1.228	0.9371	100.0	7100	a48ceaaf5e	32	223.6051	58.8391	190.9639	520.5192	63.3128	12.9171	33.6304	71.9995	GRU hidden=256 layers=2 T=24	C:\Users\Henrique\studies\3d augmented games using mocap\pose_corrector_lab\runs\20260728_192747_abl2_arch_T24	best	True	22.6429	1785278463.827204
multilag_seed42_best	0.0775	1.228	0.9369	100.0	7100	1dda958bbb	45	217.9184	59.801	190.0567	519.8751	63.4419	13.9369	33.6304	70.0445	frozen multilag seed=42	C:\Users\Henrique\studies\3d augmented games using mocap\pose_corrector_lab\runs\20260728_002903_abl_gpt_multilag	best	True	18.7082	1785252844.345236
baseline_seed2026_best	0.0779	1.228	0.9365	100.0	7100	3a608adc89	50	221.6582	59.1111	189.8169	519.8751	63.488	12.8351	33.6304	72.9522	baseline replication seed=2026	C:\Users\Henrique\studies\3d augmented games using mocap\pose_corrector_lab\runs\20260728_130718_abl2_baseline_seed2026	best	True	21.4056	1785256812.9536405
arch_layers1_best	0.078	1.228	0.9365	100.0	7100	f6559b5618	35	230.7702	57.4303	201.7579	519.8751	61.1911	12.6879	33.6304	72.5934	GRU hidden=256 layers=1 T=15	C:\Users\Henrique\studies\3d augmented games using mocap\pose_corrector_lab\runs\20260728_184420_abl2_arch_layers1	best	True	24.4989	1785276544.6829607
multilag_seed1337_best	0.0781	1.228	0.9364	100.0	7100	2f772b272a	54	221.7077	59.102	189.6288	519.8751	63.5242	13.8654	33.6304	69.8218	multilag replication seed=1337	C:\Users\Henrique\studies\3d augmented games using mocap\pose_corrector_lab\runs\20260728_134033_abl2_multilag_seed1337	best	True	19.4011	1785258757.8489687
arch_T9_best	0.0782	1.228	0.9363	100.0	7100	7f5430f0aa	56	216.9227	59.9994	192.7034	519.7543	62.9241	13.5509	33.6304	70.8364	GRU hidden=256 layers=2 T=9	C:\Users\Henrique\studies\3d augmented games using mocap\pose_corrector_lab\runs\20260728_191048_abl2_arch_T9	best	True	19.3269	1785277567.0123858
multilag_seed2026_best	0.0784	1.228	0.9361	100.0	7100	b0da389062	50	221.1782	59.1997	191.8887	519.8751	63.0895	13.1367	33.6304	71.9253	multilag replication seed=2026	C:\Users\Henrique\studies\3d augmented games using mocap\pose_corrector_lab\runs\20260728_141251_abl2_multilag_seed2026	best	True	20.1683	1785260726.125728
baseline_seed1337_best	0.0789	1.228	0.9357	100.0	7100	dc5d7704c1	54	219.1118	59.5809	191.6918	519.8751	63.1273	14.5125	33.6304	68.8938	baseline replication seed=1337	C:\Users\Henrique\studies\3d augmented games using mocap\pose_corrector_lab\runs\20260728_123418_abl2_baseline_seed1337	best	True	17.8669	1785254824.519742
lastpos_vel003_tiera_best	0.0796	1.228	0.9352	100.0	7100	3dad8e7e8c	54	223.2609	58.8155	193.2361	519.8751	62.8303	13.571	33.6304	71.1581	lastpos_vel003 + Tier A drop (ipsi/bones/1-conf)	C:\Users\Henrique\studies\3d augmented games using mocap\pose_corrector_lab\runs\20260728_215308_abl2_lastpos_vel003_tiera	best	True	19.7723	1785288434.9465845
seq_only_best	0.0802	1.228	0.9347	100.0	7100	a09e4f55ca	51	211.6174	60.9633	198.1141	519.8751	61.892	14.2414	33.6304	70.2796	all-frame position only	C:\Users\Henrique\studies\3d augmented games using mocap\pose_corrector_lab\runs\20260728_144540_abl2_seq_only	best	True	18.7577	1785262710.9618294
lastpos_vel010_best	0.0839	1.228	0.9317	100.0	7100	b735f2eab2	50	234.2916	56.7807	206.5536	519.8751	60.2686	15.0612	33.6304	67.4585	last-frame position + velocity 0.01	C:\Users\Henrique\studies\3d augmented games using mocap\pose_corrector_lab\runs\20260728_162852_abl2_lastpos_vel010	best	True	19.3269	1785269028.3081207
lastpos_vel005_dir005_best	0.0842	1.228	0.9314	100.0	7100	30a5dcc15b	57	235.059	56.6391	202.8507	519.8751	60.9809	14.9002	33.6304	68.0525	last-frame position + velocity/direction 0.005	C:\Users\Henrique\studies\3d augmented games using mocap\pose_corrector_lab\runs\20260728_170405_abl2_lastpos_vel005_dir005	best	True	17.7184	1785271275.3614035
