name	hand_prox_mae_C	hand_prox_mae_MP	hand_prox_impr_vs_mp	pct_frames_C_closer_hands	n_frames_selected_hands	config_hash	best_epoch	val_hard_mm	val_hard_impr_pct	elbow_mae_C_T	elbow_mae_MP_T	pct_closer_than_mp	notes	run_dir	ckpt_used	easy_ok	ext_reach_gt_mp_pct	measured_unix
train_noaux_last	0.0851	1.228	0.9307	100.0	7100	bc715a8774	67	238.6056	55.9849	15.6284	33.6304	67.4462	train_noaux	C:\Users\Henrique\studies\3d augmented games using mocap\pose_corrector_lab\runs\20260726_015055_gru_noaux_v1	last	True	16.2089	1785042985.399629
train_noaux_best	0.0852	1.228	0.9306	100.0	7100	bc715a8774	67	238.6056	55.9849	15.7114	33.6304	67.3348	train_noaux	C:\Users\Henrique\studies\3d augmented games using mocap\pose_corrector_lab\runs\20260726_015055_gru_noaux_v1	best	True	16.0109	1785042914.2413664
train_dropaccel_best	0.1117	1.228	0.909	100.0	7100	da81438a26	38	311.4944	42.5392	19.0036	33.6304	62.6578	train_dropaccel	C:\Users\Henrique\studies\3d augmented games using mocap\pose_corrector_lab\runs\20260726_013203_gru_dropaccel_v1	best	True	13.7342	1785041381.928849
train_dropaccel_last	0.1137	1.228	0.9074	100.0	7100	da81438a26	38	311.4944	42.5392	19.4473	33.6304	61.8411	train_dropaccel	C:\Users\Henrique\studies\3d augmented games using mocap\pose_corrector_lab\runs\20260726_013203_gru_dropaccel_v1	last	True	11.6803	1785041454.0840516
residual_reach_001626_best	0.1259	1.228	0.8974	100.0	7100	c4caabe6d0	4	392.4854	27.599	19.085	33.6304	64.7488	baseline w_reach geo_warmup	C:\Users\Henrique\studies\3d augmented games using mocap\pose_corrector_lab\runs\20260726_001626_gru_v1	best	True	12.002	1785038558.4572685
clean_v1_best	0.1281	1.228	0.8957	100.0	7100	c6c5b00585	22	380.3253	29.8421	19.8669	33.6304	61.3215	residual only no geo	C:\Users\Henrique\studies\3d augmented games using mocap\pose_corrector_lab\runs\20260726_010355_gru_clean_v1	best	True	7.9436	1785039405.555223
train_wrist2_best	0.1288	1.228	0.8951	100.0	7100	4f0e857de9	22	375.7204	30.6916	20.285	33.6304	60.8884	train_wrist2	C:\Users\Henrique\studies\3d augmented games using mocap\pose_corrector_lab\runs\20260726_021627_gru_wrist2_v1	best	True	7.2507	1785043726.1210365
train_drop2d_best	0.1294	1.228	0.8946	100.0	7100	a64d3c7162	22	379.8824	29.9238	19.7827	33.6304	62.2247	train_drop2d	C:\Users\Henrique\studies\3d augmented games using mocap\pose_corrector_lab\runs\20260726_011759_gru_drop2d_v1	best	True	9.5026	1785040249.074648
train_wrist2_last	0.1303	1.228	0.8939	100.0	7100	4f0e857de9	22	375.7204	30.6916	20.2391	33.6304	61.5442	train_wrist2	C:\Users\Henrique\studies\3d augmented games using mocap\pose_corrector_lab\runs\20260726_021627_gru_wrist2_v1	last	True	7.8693	1785043798.6482565
clean_v1_last	0.1306	1.228	0.8936	100.0	7100	c6c5b00585	22	380.3253	29.8421	20.1613	33.6304	61.804	residual only no geo	C:\Users\Henrique\studies\3d augmented games using mocap\pose_corrector_lab\runs\20260726_010355_gru_clean_v1	last	True	8.488	1785039477.387981
train_drop2d_last	0.1311	1.228	0.8933	100.0	7100	a64d3c7162	22	379.8824	29.9238	20.1906	33.6304	61.4576	train_drop2d	C:\Users\Henrique\studies\3d augmented games using mocap\pose_corrector_lab\runs\20260726_011759_gru_drop2d_v1	last	True	8.9829	1785040321.2883813
train_gru384_last	0.1324	1.228	0.8922	100.0	7100	09c80ee880	24	375.4246	30.7462	20.1505	33.6304	62.2123	train_gru384	C:\Users\Henrique\studies\3d augmented games using mocap\pose_corrector_lab\runs\20260726_023000_gru384_clean_v1	last	True	10.245	1785044637.2339666
train_gru384_best	0.134	1.228	0.8909	100.0	7100	09c80ee880	24	375.4246	30.7462	20.415	33.6304	61.7421	train_gru384	C:\Users\Henrique\studies\3d augmented games using mocap\pose_corrector_lab\runs\20260726_023000_gru384_clean_v1	best	True	10.5419	1785044565.0260427
angle_v1_best	0.1351	1.228	0.89	100.0	7100	e2be0ace78	19	403.6485	25.5397	18.1248	33.6304	65.2438	w_angle=0.2 w_reach=0	C:\Users\Henrique\studies\3d augmented games using mocap\pose_corrector_lab\runs\20260726_004449_gru_angle_v1	best	True	None	1785038549.7765615
residual_reach_001626_last	0.1381	1.228	0.8875	100.0	7100	c4caabe6d0	4	392.4854	27.599	24.8486	33.6304	62.9795	baseline w_reach geo_warmup	C:\Users\Henrique\studies\3d augmented games using mocap\pose_corrector_lab\runs\20260726_001626_gru_v1	last	True	85.1769	1785038562.7610507
angle_v1_last	0.1383	1.228	0.8874	100.0	7100	e2be0ace78	19	403.6485	25.5397	17.7879	33.6304	65.2314	w_angle=0.2 w_reach=0	C:\Users\Henrique\studies\3d augmented games using mocap\pose_corrector_lab\runs\20260726_004449_gru_angle_v1	last	True	None	1785038553.9509754
shoulders_222943_best	0.168	1.228	0.8632	100.0	7100	6e8f920e3f	14	441.5782	18.5429	22.7326	33.6304	65.516	old shoulders residual	C:\Users\Henrique\studies\3d augmented games using mocap\pose_corrector_lab\runs\20260725_222943_gru_v1	best	True	3.7367	1785038633.7582078
